"","C.L.BM","C.BM","C.U.BM","C.L.BMDensity","C.BMDensity","C.U.BMDensity","B.L.BM","B.BM","B.U.BM","B.L.BMDensity","B.BMDensity","B.U.BMDensity"
"1",123209.803860447,145720.297240682,168230.790620917,458.029010633631,541.711142158669,625.393273683706,NA,NA,NA,NA,NA,NA
"2",18981.3087666206,41731.7723512304,64475.7819036177,86.2786762119117,189.689874323775,293.071735925535,7363.17582959156,18082.5661117805,28807.0803855002,33.468981043598,82.1934823262751,130.941274479546
"3",138293.509729907,182276.399326222,226259.288922537,142.131048026626,187.334428906703,232.53780978678,-2344.54277952427,19190.2078039353,40733.3019560053,-2.40960203445454,19.7227212784536,41.8636196875697
"4",7773.02321957858,15273.8705488733,22774.7178781679,17.1589916546989,33.7171535295216,50.2753154043442,8390089.28702391,18442088.0886398,28493104.6742305,18521.1684040263,40711.0112332004,62898.6858150783
"5",68371.5594434832,100280.343162108,132178.84698907,65.6787314538744,96.3307811355502,126.97295580122,-75347.7390554358,103429.185339289,282206.109734013,65.6787314538744,96.3307811355502,271.091363817496
"6",23494.2390346392,37336.7027686087,51177.3593924301,39.1570650577321,62.2278379476811,85.2955989873834,75356.4784116557,136908.869186036,198861.262499892,125.594130686093,228.181448643394,331.43543749982
"7",26328.8656619564,34875.1913285737,43421.5169951911,8.50140964222035,11.2609594215608,14.0205092009012,-726131.385506066,148797.681672991,1023726.74885205,-234.462830321623,48.0457480377757,330.554326397174
