"","C.L.BM","C.BM","C.U.BM","C.L.BMDensity","C.BMDensity","C.U.BMDensity","B.L.BM","B.BM","B.U.BM","B.L.BMDensity","B.BMDensity","B.U.BMDensity"
"1",123209.803860447,145720.297240682,168230.790620917,458.029010633631,541.711142158669,625.393273683706,NA,NA,NA,NA,NA,NA
"2",18382.9968281764,40416.3405273678,62443.433632602,83.559076491711,183.710638760763,283.8337892391,7363.17582959156,18082.5661117805,28807.0803855002,33.468981043598,82.1934823262751,130.941274479546
"3",138293.509729907,182276.399326222,226259.288922537,142.131048026626,187.334428906703,232.53780978678,-2344.54277952427,19190.2078039353,40733.3019560053,-2.40960203445454,19.7227212784536,41.8636196875697
"4",14465.4650060795,28424.4152745619,42383.3655430443,31.932593832405,62.7470535862293,93.5615133400537,84990.779023168,186816.537923086,288632.347071304,187.617613737678,412.398538461559,637.157499053651
"5",68371.5594434832,100280.343162108,132178.84698907,65.6787314538744,96.3307811355502,126.97295580122,-75347.7390554358,103429.185339289,282206.109734013,65.6787314538744,96.3307811355502,271.091363817496
"6",23115.2534019897,36734.4243164763,50351.8172713136,38.5254223366495,61.2240405274605,83.9196954521893,83887.7498109999,152408.621093534,221374.780076111,139.812916351667,254.014368489224,368.957966793519
"7",26328.8656619564,34875.1913285737,43421.5169951911,8.50140964222035,11.2609594215608,14.0205092009012,-726131.385506066,148797.681672991,1023726.74885205,-234.462830321623,48.0457480377757,330.554326397174
