"","Lake","Year","C.L.BM","C.BM","C.U.BM","C.L.BMDensity","C.BMDensity","C.U.BMDensity","B.L.BM","B.BM","B.U.BM","B.L.BMDensity","B.BMDensity","B.U.BMDensity"
"1","Blue","2019",33627.8780425021,62598.1415371687,91565.9302100777,125.010699042759,232.706845863081,340.39379260252,NA,NA,NA,NA,NA,NA
"2","Center","2019",2101.57679644517,8197.27938613427,14298.6313758138,9.55262180202351,37.2603608460648,64.9937789809718,0,18966.7414096238,68141.9699185339,0,86.2124609528356,309.736226902427
"3","Five Island","2019",0,211882.245969352,442625.275923518,0,217.76181497364,454.907786149556,0,2787.4190937393,19180.3114488814,0,2.8647678250147,19.7125503071751
"4","N Twin","2019",6410.75665037426,18630.7856573228,30850.8146642714,14.1517806851529,41.1275621574455,68.1033436297381,3327.55243464917,166159.576986029,329001.081743775,7.34559036346396,366.798183192116,726.271703628642
"5","Silver","2019",46268.6117092276,93898.3659438538,141517.886024154,44.4463128811024,90.2001594081209,135.944174855095,0,32119.582128354,220983.066105801,0,30.8545457525014,212.279602407109
"6","S Twin","2019",11239.1402860907,29730.2149762079,48219.4789461244,18.7319004768178,49.5503582936798,80.3657982435406,0,38317.8322080977,137661.863522571,0,63.8630536801628,229.436439204286
"7","Storm","2019",37598.2439909721,73868.8731172813,110139.502243591,12.1402143981182,23.851751087272,35.5632877764258,0,974.152519166308,6701.92271097327,0,0.314547148584536,2.16400475007209
